name,svg,lottie
Smile.json,https://fonts.gstatic.com/s/e/notoemoji/latest/1f600/emoji.svg,https://fonts.gstatic.com/s/e/notoemoji/latest/1f600/lottie.json
Smile-with-big-eyes.json,https://fonts.gstatic.com/s/e/notoemoji/latest/1f603/emoji.svg,https://fonts.gstatic.com/s/e/notoemoji/latest/1f603/lottie.json
Grin.json,https://fonts.gstatic.com/s/e/notoemoji/latest/1f604/emoji.svg,https://fonts.gstatic.com/s/e/notoemoji/latest/1f604/lottie.json
Grinning.json,https://fonts.gstatic.com/s/e/notoemoji/latest/1f601/emoji.svg,https://fonts.gstatic.com/s/e/notoemoji/latest/1f601/lottie.json
Laughing.json,https://fonts.gstatic.com/s/e/notoemoji/latest/1f606/emoji.svg,https://fonts.gstatic.com/s/e/notoemoji/latest/1f606/lottie.json
Grin-sweat.json,https://fonts.gstatic.com/s/e/notoemoji/latest/1f605/emoji.svg,https://fonts.gstatic.com/s/e/notoemoji/latest/1f605/lottie.json
Joy.json,https://fonts.gstatic.com/s/e/notoemoji/latest/1f602/emoji.svg,https://fonts.gstatic.com/s/e/notoemoji/latest/1f602/lottie.json
Rofl.json,https://fonts.gstatic.com/s/e/notoemoji/latest/1f923/emoji.svg,https://fonts.gstatic.com/s/e/notoemoji/latest/1f923/lottie.json
Loudly-crying.json,https://fonts.gstatic.com/s/e/notoemoji/latest/1f62d/emoji.svg,https://fonts.gstatic.com/s/e/notoemoji/latest/1f62d/lottie.json
Wink.json,https://fonts.gstatic.com/s/e/notoemoji/latest/1f609/emoji.svg,https://fonts.gstatic.com/s/e/notoemoji/latest/1f609/lottie.json
Kissing.json,https://fonts.gstatic.com/s/e/notoemoji/latest/1f617/emoji.svg,https://fonts.gstatic.com/s/e/notoemoji/latest/1f617/lottie.json
Kissing-smiling-eyes.json,https://fonts.gstatic.com/s/e/notoemoji/latest/1f619/emoji.svg,https://fonts.gstatic.com/s/e/notoemoji/latest/1f619/lottie.json
Kissing-closed-eyes.json,https://fonts.gstatic.com/s/e/notoemoji/latest/1f61a/emoji.svg,https://fonts.gstatic.com/s/e/notoemoji/latest/1f61a/lottie.json
Kissing-heart.json,https://fonts.gstatic.com/s/e/notoemoji/latest/1f618/emoji.svg,https://fonts.gstatic.com/s/e/notoemoji/latest/1f618/lottie.json
Heart-face.json,https://fonts.gstatic.com/s/e/notoemoji/latest/1f970/emoji.svg,https://fonts.gstatic.com/s/e/notoemoji/latest/1f970/lottie.json
Heart-eyes.json,https://fonts.gstatic.com/s/e/notoemoji/latest/1f60d/emoji.svg,https://fonts.gstatic.com/s/e/notoemoji/latest/1f60d/lottie.json
Star-struck.json,https://fonts.gstatic.com/s/e/notoemoji/latest/1f929/emoji.svg,https://fonts.gstatic.com/s/e/notoemoji/latest/1f929/lottie.json
Partying-face.json,https://fonts.gstatic.com/s/e/notoemoji/latest/1f973/emoji.svg,https://fonts.gstatic.com/s/e/notoemoji/latest/1f973/lottie.json
Melting.json,https://fonts.gstatic.com/s/e/notoemoji/latest/1fae0/emoji.svg,https://fonts.gstatic.com/s/e/notoemoji/latest/1fae0/lottie.json
Upside-down-face.json,https://fonts.gstatic.com/s/e/notoemoji/latest/1f643/emoji.svg,https://fonts.gstatic.com/s/e/notoemoji/latest/1f643/lottie.json
Slightly-happy.json,https://fonts.gstatic.com/s/e/notoemoji/latest/1f642/emoji.svg,https://fonts.gstatic.com/s/e/notoemoji/latest/1f642/lottie.json
Happy-cry.json,https://fonts.gstatic.com/s/e/notoemoji/latest/1f972/emoji.svg,https://fonts.gstatic.com/s/e/notoemoji/latest/1f972/lottie.json
Holding-back-tears.json,https://fonts.gstatic.com/s/e/notoemoji/latest/1f979/emoji.svg,https://fonts.gstatic.com/s/e/notoemoji/latest/1f979/lottie.json
Blush.json,https://fonts.gstatic.com/s/e/notoemoji/latest/1f60a/emoji.svg,https://fonts.gstatic.com/s/e/notoemoji/latest/1f60a/lottie.json
Warm-smile.json,https://fonts.gstatic.com/s/e/notoemoji/latest/263a_fe0f/emoji.svg,https://fonts.gstatic.com/s/e/notoemoji/latest/263a_fe0f/lottie.json
Relieved.json,https://fonts.gstatic.com/s/e/notoemoji/latest/1f60c/emoji.svg,https://fonts.gstatic.com/s/e/notoemoji/latest/1f60c/lottie.json
Smirk.json,https://fonts.gstatic.com/s/e/notoemoji/latest/1f60f/emoji.svg,https://fonts.gstatic.com/s/e/notoemoji/latest/1f60f/lottie.json
Sleep.json,https://fonts.gstatic.com/s/e/notoemoji/latest/1f634/emoji.svg,https://fonts.gstatic.com/s/e/notoemoji/latest/1f634/lottie.json
Sleepy.json,https://fonts.gstatic.com/s/e/notoemoji/latest/1f62a/emoji.svg,https://fonts.gstatic.com/s/e/notoemoji/latest/1f62a/lottie.json
Drool.json,https://fonts.gstatic.com/s/e/notoemoji/latest/1f924/emoji.svg,https://fonts.gstatic.com/s/e/notoemoji/latest/1f924/lottie.json
Yum.json,https://fonts.gstatic.com/s/e/notoemoji/latest/1f60b/emoji.svg,https://fonts.gstatic.com/s/e/notoemoji/latest/1f60b/lottie.json
Stuck-out-tongue.json,https://fonts.gstatic.com/s/e/notoemoji/latest/1f61b/emoji.svg,https://fonts.gstatic.com/s/e/notoemoji/latest/1f61b/lottie.json
Squinting-tongue.json,https://fonts.gstatic.com/s/e/notoemoji/latest/1f61d/emoji.svg,https://fonts.gstatic.com/s/e/notoemoji/latest/1f61d/lottie.json
Winky-tongue.json,https://fonts.gstatic.com/s/e/notoemoji/latest/1f61c/emoji.svg,https://fonts.gstatic.com/s/e/notoemoji/latest/1f61c/lottie.json
Zany-face.json,https://fonts.gstatic.com/s/e/notoemoji/latest/1f92a/emoji.svg,https://fonts.gstatic.com/s/e/notoemoji/latest/1f92a/lottie.json
Woozy.json,https://fonts.gstatic.com/s/e/notoemoji/latest/1f974/emoji.svg,https://fonts.gstatic.com/s/e/notoemoji/latest/1f974/lottie.json
Pensive.json,https://fonts.gstatic.com/s/e/notoemoji/latest/1f614/emoji.svg,https://fonts.gstatic.com/s/e/notoemoji/latest/1f614/lottie.json
Pleading.json,https://fonts.gstatic.com/s/e/notoemoji/latest/1f97a/emoji.svg,https://fonts.gstatic.com/s/e/notoemoji/latest/1f97a/lottie.json
Grimacing.json,https://fonts.gstatic.com/s/e/notoemoji/latest/1f62c/emoji.svg,https://fonts.gstatic.com/s/e/notoemoji/latest/1f62c/lottie.json
Expressionless.json,https://fonts.gstatic.com/s/e/notoemoji/latest/1f611/emoji.svg,https://fonts.gstatic.com/s/e/notoemoji/latest/1f611/lottie.json
Neutral-face.json,https://fonts.gstatic.com/s/e/notoemoji/latest/1f610/emoji.svg,https://fonts.gstatic.com/s/e/notoemoji/latest/1f610/lottie.json
Mouth-none.json,https://fonts.gstatic.com/s/e/notoemoji/latest/1f636/emoji.svg,https://fonts.gstatic.com/s/e/notoemoji/latest/1f636/lottie.json
Face-in-clouds.json,https://fonts.gstatic.com/s/e/notoemoji/latest/1f636_200d_1f32b_fe0f/emoji.svg,https://fonts.gstatic.com/s/e/notoemoji/latest/1f636_200d_1f32b_fe0f/lottie.json
Dotted-line-face.json,https://fonts.gstatic.com/s/e/notoemoji/latest/1fae5/emoji.svg,https://fonts.gstatic.com/s/e/notoemoji/latest/1fae5/lottie.json
Zipper-face.json,https://fonts.gstatic.com/s/e/notoemoji/latest/1f910/emoji.svg,https://fonts.gstatic.com/s/e/notoemoji/latest/1f910/lottie.json
Salute.json,https://fonts.gstatic.com/s/e/notoemoji/latest/1fae1/emoji.svg,https://fonts.gstatic.com/s/e/notoemoji/latest/1fae1/lottie.json
Thinking-face.json,https://fonts.gstatic.com/s/e/notoemoji/latest/1f914/emoji.svg,https://fonts.gstatic.com/s/e/notoemoji/latest/1f914/lottie.json
Shushing-face.json,https://fonts.gstatic.com/s/e/notoemoji/latest/1f92b/emoji.svg,https://fonts.gstatic.com/s/e/notoemoji/latest/1f92b/lottie.json
Hand-over-mouth.json,https://fonts.gstatic.com/s/e/notoemoji/latest/1fae2/emoji.svg,https://fonts.gstatic.com/s/e/notoemoji/latest/1fae2/lottie.json
Smiling-eyes-with-hand-over-mouth.json,https://fonts.gstatic.com/s/e/notoemoji/latest/1f92d/emoji.svg,https://fonts.gstatic.com/s/e/notoemoji/latest/1f92d/lottie.json
Yawn.json,https://fonts.gstatic.com/s/e/notoemoji/latest/1f971/emoji.svg,https://fonts.gstatic.com/s/e/notoemoji/latest/1f971/lottie.json
Hug-face.json,https://fonts.gstatic.com/s/e/notoemoji/latest/1f917/emoji.svg,https://fonts.gstatic.com/s/e/notoemoji/latest/1f917/lottie.json
Peeking.json,https://fonts.gstatic.com/s/e/notoemoji/latest/1fae3/emoji.svg,https://fonts.gstatic.com/s/e/notoemoji/latest/1fae3/lottie.json
Screaming.json,https://fonts.gstatic.com/s/e/notoemoji/latest/1f631/emoji.svg,https://fonts.gstatic.com/s/e/notoemoji/latest/1f631/lottie.json
Raised-eyebrow.json,https://fonts.gstatic.com/s/e/notoemoji/latest/1f928/emoji.svg,https://fonts.gstatic.com/s/e/notoemoji/latest/1f928/lottie.json
Monocle.json,https://fonts.gstatic.com/s/e/notoemoji/latest/1f9d0/emoji.svg,https://fonts.gstatic.com/s/e/notoemoji/latest/1f9d0/lottie.json
Unamused.json,https://fonts.gstatic.com/s/e/notoemoji/latest/1f612/emoji.svg,https://fonts.gstatic.com/s/e/notoemoji/latest/1f612/lottie.json
Rolling-eyes.json,https://fonts.gstatic.com/s/e/notoemoji/latest/1f644/emoji.svg,https://fonts.gstatic.com/s/e/notoemoji/latest/1f644/lottie.json
Exhale.json,https://fonts.gstatic.com/s/e/notoemoji/latest/1f62e_200d_1f4a8/emoji.svg,https://fonts.gstatic.com/s/e/notoemoji/latest/1f62e_200d_1f4a8/lottie.json
Triumph.json,https://fonts.gstatic.com/s/e/notoemoji/latest/1f624/emoji.svg,https://fonts.gstatic.com/s/e/notoemoji/latest/1f624/lottie.json
Angry.json,https://fonts.gstatic.com/s/e/notoemoji/latest/1f620/emoji.svg,https://fonts.gstatic.com/s/e/notoemoji/latest/1f620/lottie.json
Rage.json,https://fonts.gstatic.com/s/e/notoemoji/latest/1f621/emoji.svg,https://fonts.gstatic.com/s/e/notoemoji/latest/1f621/lottie.json
Cursing.json,https://fonts.gstatic.com/s/e/notoemoji/latest/1f92c/emoji.svg,https://fonts.gstatic.com/s/e/notoemoji/latest/1f92c/lottie.json
Sad.json,https://fonts.gstatic.com/s/e/notoemoji/latest/1f61e/emoji.svg,https://fonts.gstatic.com/s/e/notoemoji/latest/1f61e/lottie.json
Sweat.json,https://fonts.gstatic.com/s/e/notoemoji/latest/1f613/emoji.svg,https://fonts.gstatic.com/s/e/notoemoji/latest/1f613/lottie.json
Worried.json,https://fonts.gstatic.com/s/e/notoemoji/latest/1f61f/emoji.svg,https://fonts.gstatic.com/s/e/notoemoji/latest/1f61f/lottie.json
Concerned.json,https://fonts.gstatic.com/s/e/notoemoji/latest/1f625/emoji.svg,https://fonts.gstatic.com/s/e/notoemoji/latest/1f625/lottie.json
Cry.json,https://fonts.gstatic.com/s/e/notoemoji/latest/1f622/emoji.svg,https://fonts.gstatic.com/s/e/notoemoji/latest/1f622/lottie.json
Big-frown.json,https://fonts.gstatic.com/s/e/notoemoji/latest/2639_fe0f/emoji.svg,https://fonts.gstatic.com/s/e/notoemoji/latest/2639_fe0f/lottie.json
Frown.json,https://fonts.gstatic.com/s/e/notoemoji/latest/1f641/emoji.svg,https://fonts.gstatic.com/s/e/notoemoji/latest/1f641/lottie.json
Diagonal-mouth.json,https://fonts.gstatic.com/s/e/notoemoji/latest/1fae4/emoji.svg,https://fonts.gstatic.com/s/e/notoemoji/latest/1fae4/lottie.json
Slightly-frowning.json,https://fonts.gstatic.com/s/e/notoemoji/latest/1f615/emoji.svg,https://fonts.gstatic.com/s/e/notoemoji/latest/1f615/lottie.json
Anxious-with-sweat.json,https://fonts.gstatic.com/s/e/notoemoji/latest/1f630/emoji.svg,https://fonts.gstatic.com/s/e/notoemoji/latest/1f630/lottie.json
Scared.json,https://fonts.gstatic.com/s/e/notoemoji/latest/1f628/emoji.svg,https://fonts.gstatic.com/s/e/notoemoji/latest/1f628/lottie.json
Anguished.json,https://fonts.gstatic.com/s/e/notoemoji/latest/1f627/emoji.svg,https://fonts.gstatic.com/s/e/notoemoji/latest/1f627/lottie.json
Gasp.json,https://fonts.gstatic.com/s/e/notoemoji/latest/1f626/emoji.svg,https://fonts.gstatic.com/s/e/notoemoji/latest/1f626/lottie.json
Mouth-open.json,https://fonts.gstatic.com/s/e/notoemoji/latest/1f62e/emoji.svg,https://fonts.gstatic.com/s/e/notoemoji/latest/1f62e/lottie.json
Surprised.json,https://fonts.gstatic.com/s/e/notoemoji/latest/1f62f/emoji.svg,https://fonts.gstatic.com/s/e/notoemoji/latest/1f62f/lottie.json
Astonished.json,https://fonts.gstatic.com/s/e/notoemoji/latest/1f632/emoji.svg,https://fonts.gstatic.com/s/e/notoemoji/latest/1f632/lottie.json
Flushed.json,https://fonts.gstatic.com/s/e/notoemoji/latest/1f633/emoji.svg,https://fonts.gstatic.com/s/e/notoemoji/latest/1f633/lottie.json
Mind-blown.json,https://fonts.gstatic.com/s/e/notoemoji/latest/1f92f/emoji.svg,https://fonts.gstatic.com/s/e/notoemoji/latest/1f92f/lottie.json
Scrunched-mouth.json,https://fonts.gstatic.com/s/e/notoemoji/latest/1f616/emoji.svg,https://fonts.gstatic.com/s/e/notoemoji/latest/1f616/lottie.json
Scrunched-eyes.json,https://fonts.gstatic.com/s/e/notoemoji/latest/1f623/emoji.svg,https://fonts.gstatic.com/s/e/notoemoji/latest/1f623/lottie.json
Weary.json,https://fonts.gstatic.com/s/e/notoemoji/latest/1f629/emoji.svg,https://fonts.gstatic.com/s/e/notoemoji/latest/1f629/lottie.json
Distraught.json,https://fonts.gstatic.com/s/e/notoemoji/latest/1f62b/emoji.svg,https://fonts.gstatic.com/s/e/notoemoji/latest/1f62b/lottie.json
X-eyes.json,https://fonts.gstatic.com/s/e/notoemoji/latest/1f635/emoji.svg,https://fonts.gstatic.com/s/e/notoemoji/latest/1f635/lottie.json
Dizzy-face.json,https://fonts.gstatic.com/s/e/notoemoji/latest/1f635_200d_1f4ab/emoji.svg,https://fonts.gstatic.com/s/e/notoemoji/latest/1f635_200d_1f4ab/lottie.json
Shaking-face.json,https://fonts.gstatic.com/s/e/notoemoji/latest/1fae8/emoji.svg,https://fonts.gstatic.com/s/e/notoemoji/latest/1fae8/lottie.json
Cold-face.json,https://fonts.gstatic.com/s/e/notoemoji/latest/1f976/emoji.svg,https://fonts.gstatic.com/s/e/notoemoji/latest/1f976/lottie.json
Hot-face.json,https://fonts.gstatic.com/s/e/notoemoji/latest/1f975/emoji.svg,https://fonts.gstatic.com/s/e/notoemoji/latest/1f975/lottie.json
Sick.json,https://fonts.gstatic.com/s/e/notoemoji/latest/1f922/emoji.svg,https://fonts.gstatic.com/s/e/notoemoji/latest/1f922/lottie.json
Vomit.json,https://fonts.gstatic.com/s/e/notoemoji/latest/1f92e/emoji.svg,https://fonts.gstatic.com/s/e/notoemoji/latest/1f92e/lottie.json
Sneeze.json,https://fonts.gstatic.com/s/e/notoemoji/latest/1f927/emoji.svg,https://fonts.gstatic.com/s/e/notoemoji/latest/1f927/lottie.json
Thermometer-face.json,https://fonts.gstatic.com/s/e/notoemoji/latest/1f912/emoji.svg,https://fonts.gstatic.com/s/e/notoemoji/latest/1f912/lottie.json
Bandage-face.json,https://fonts.gstatic.com/s/e/notoemoji/latest/1f915/emoji.svg,https://fonts.gstatic.com/s/e/notoemoji/latest/1f915/lottie.json
Mask.json,https://fonts.gstatic.com/s/e/notoemoji/latest/1f637/emoji.svg,https://fonts.gstatic.com/s/e/notoemoji/latest/1f637/lottie.json
Liar.json,https://fonts.gstatic.com/s/e/notoemoji/latest/1f925/emoji.svg,https://fonts.gstatic.com/s/e/notoemoji/latest/1f925/lottie.json
Halo.json,https://fonts.gstatic.com/s/e/notoemoji/latest/1f607/emoji.svg,https://fonts.gstatic.com/s/e/notoemoji/latest/1f607/lottie.json
Cowboy.json,https://fonts.gstatic.com/s/e/notoemoji/latest/1f920/emoji.svg,https://fonts.gstatic.com/s/e/notoemoji/latest/1f920/lottie.json
Money-face.json,https://fonts.gstatic.com/s/e/notoemoji/latest/1f911/emoji.svg,https://fonts.gstatic.com/s/e/notoemoji/latest/1f911/lottie.json
Nerd-face.json,https://fonts.gstatic.com/s/e/notoemoji/latest/1f913/emoji.svg,https://fonts.gstatic.com/s/e/notoemoji/latest/1f913/lottie.json
Sunglasses-face.json,https://fonts.gstatic.com/s/e/notoemoji/latest/1f60e/emoji.svg,https://fonts.gstatic.com/s/e/notoemoji/latest/1f60e/lottie.json
Disguise.json,https://fonts.gstatic.com/s/e/notoemoji/latest/1f978/emoji.svg,https://fonts.gstatic.com/s/e/notoemoji/latest/1f978/lottie.json
Clown.json,https://fonts.gstatic.com/s/e/notoemoji/latest/1f921/emoji.svg,https://fonts.gstatic.com/s/e/notoemoji/latest/1f921/lottie.json
Imp-smile.json,https://fonts.gstatic.com/s/e/notoemoji/latest/1f608/emoji.svg,https://fonts.gstatic.com/s/e/notoemoji/latest/1f608/lottie.json
Imp-frown.json,https://fonts.gstatic.com/s/e/notoemoji/latest/1f47f/emoji.svg,https://fonts.gstatic.com/s/e/notoemoji/latest/1f47f/lottie.json
Ghost.json,https://fonts.gstatic.com/s/e/notoemoji/latest/1f47b/emoji.svg,https://fonts.gstatic.com/s/e/notoemoji/latest/1f47b/lottie.json
Jack-o-lantern.json,https://fonts.gstatic.com/s/e/notoemoji/latest/1f383/emoji.svg,https://fonts.gstatic.com/s/e/notoemoji/latest/1f383/lottie.json
Poop.json,https://fonts.gstatic.com/s/e/notoemoji/latest/1f4a9/emoji.svg,https://fonts.gstatic.com/s/e/notoemoji/latest/1f4a9/lottie.json
Robot.json,https://fonts.gstatic.com/s/e/notoemoji/latest/1f916/emoji.svg,https://fonts.gstatic.com/s/e/notoemoji/latest/1f916/lottie.json
Alien.json,https://fonts.gstatic.com/s/e/notoemoji/latest/1f47d/emoji.svg,https://fonts.gstatic.com/s/e/notoemoji/latest/1f47d/lottie.json
Moon-face-first-quarter.json,https://fonts.gstatic.com/s/e/notoemoji/latest/1f31b/emoji.svg,https://fonts.gstatic.com/s/e/notoemoji/latest/1f31b/lottie.json
Moon-face-last-quarter.json,https://fonts.gstatic.com/s/e/notoemoji/latest/1f31c/emoji.svg,https://fonts.gstatic.com/s/e/notoemoji/latest/1f31c/lottie.json
Sun-with-face.json,https://fonts.gstatic.com/s/e/notoemoji/latest/1f31e/emoji.svg,https://fonts.gstatic.com/s/e/notoemoji/latest/1f31e/lottie.json
Fire.json,https://fonts.gstatic.com/s/e/notoemoji/latest/1f525/emoji.svg,https://fonts.gstatic.com/s/e/notoemoji/latest/1f525/lottie.json
100.json,https://fonts.gstatic.com/s/e/notoemoji/latest/1f4af/emoji.svg,https://fonts.gstatic.com/s/e/notoemoji/latest/1f4af/lottie.json
Glowing-star.json,https://fonts.gstatic.com/s/e/notoemoji/latest/1f31f/emoji.svg,https://fonts.gstatic.com/s/e/notoemoji/latest/1f31f/lottie.json
Sparkles.json,https://fonts.gstatic.com/s/e/notoemoji/latest/2728/emoji.svg,https://fonts.gstatic.com/s/e/notoemoji/latest/2728/lottie.json
Collision.json,https://fonts.gstatic.com/s/e/notoemoji/latest/1f4a5/emoji.svg,https://fonts.gstatic.com/s/e/notoemoji/latest/1f4a5/lottie.json
Party-popper.json,https://fonts.gstatic.com/s/e/notoemoji/latest/1f389/emoji.svg,https://fonts.gstatic.com/s/e/notoemoji/latest/1f389/lottie.json
See-no-evil-monkey.json,https://fonts.gstatic.com/s/e/notoemoji/latest/1f648/emoji.svg,https://fonts.gstatic.com/s/e/notoemoji/latest/1f648/lottie.json
Hear-no-evil-monkey.json,https://fonts.gstatic.com/s/e/notoemoji/latest/1f649/emoji.svg,https://fonts.gstatic.com/s/e/notoemoji/latest/1f649/lottie.json
Speak-no-evil-monkey.json,https://fonts.gstatic.com/s/e/notoemoji/latest/1f64a/emoji.svg,https://fonts.gstatic.com/s/e/notoemoji/latest/1f64a/lottie.json
Smiley-cat.json,https://fonts.gstatic.com/s/e/notoemoji/latest/1f63a/emoji.svg,https://fonts.gstatic.com/s/e/notoemoji/latest/1f63a/lottie.json
Smile-cat.json,https://fonts.gstatic.com/s/e/notoemoji/latest/1f638/emoji.svg,https://fonts.gstatic.com/s/e/notoemoji/latest/1f638/lottie.json
Joy-cat.json,https://fonts.gstatic.com/s/e/notoemoji/latest/1f639/emoji.svg,https://fonts.gstatic.com/s/e/notoemoji/latest/1f639/lottie.json
Heart-eyes-cat.json,https://fonts.gstatic.com/s/e/notoemoji/latest/1f63b/emoji.svg,https://fonts.gstatic.com/s/e/notoemoji/latest/1f63b/lottie.json
Smirk-cat.json,https://fonts.gstatic.com/s/e/notoemoji/latest/1f63c/emoji.svg,https://fonts.gstatic.com/s/e/notoemoji/latest/1f63c/lottie.json
Kissing-cat.json,https://fonts.gstatic.com/s/e/notoemoji/latest/1f63d/emoji.svg,https://fonts.gstatic.com/s/e/notoemoji/latest/1f63d/lottie.json
Scream-cat.json,https://fonts.gstatic.com/s/e/notoemoji/latest/1f640/emoji.svg,https://fonts.gstatic.com/s/e/notoemoji/latest/1f640/lottie.json
Crying-cat-face.json,https://fonts.gstatic.com/s/e/notoemoji/latest/1f63f/emoji.svg,https://fonts.gstatic.com/s/e/notoemoji/latest/1f63f/lottie.json
Pouting-cat.json,https://fonts.gstatic.com/s/e/notoemoji/latest/1f63e/emoji.svg,https://fonts.gstatic.com/s/e/notoemoji/latest/1f63e/lottie.json
Red-heart.json,https://fonts.gstatic.com/s/e/notoemoji/latest/2764_fe0f/emoji.svg,https://fonts.gstatic.com/s/e/notoemoji/latest/2764_fe0f/lottie.json
Orange-heart.json,https://fonts.gstatic.com/s/e/notoemoji/latest/1f9e1/emoji.svg,https://fonts.gstatic.com/s/e/notoemoji/latest/1f9e1/lottie.json
Yellow-heart.json,https://fonts.gstatic.com/s/e/notoemoji/latest/1f49b/emoji.svg,https://fonts.gstatic.com/s/e/notoemoji/latest/1f49b/lottie.json
Green-heart.json,https://fonts.gstatic.com/s/e/notoemoji/latest/1f49a/emoji.svg,https://fonts.gstatic.com/s/e/notoemoji/latest/1f49a/lottie.json
Light-blue-heart.json,https://fonts.gstatic.com/s/e/notoemoji/latest/1fa75/emoji.svg,https://fonts.gstatic.com/s/e/notoemoji/latest/1fa75/lottie.json
Blue-heart.json,https://fonts.gstatic.com/s/e/notoemoji/latest/1f499/emoji.svg,https://fonts.gstatic.com/s/e/notoemoji/latest/1f499/lottie.json
Purple-heart.json,https://fonts.gstatic.com/s/e/notoemoji/latest/1f49c/emoji.svg,https://fonts.gstatic.com/s/e/notoemoji/latest/1f49c/lottie.json
Brown-heart.json,https://fonts.gstatic.com/s/e/notoemoji/latest/1f90e/emoji.svg,https://fonts.gstatic.com/s/e/notoemoji/latest/1f90e/lottie.json
Black-heart.json,https://fonts.gstatic.com/s/e/notoemoji/latest/1f5a4/emoji.svg,https://fonts.gstatic.com/s/e/notoemoji/latest/1f5a4/lottie.json
Grey-heart.json,https://fonts.gstatic.com/s/e/notoemoji/latest/1fa76/emoji.svg,https://fonts.gstatic.com/s/e/notoemoji/latest/1fa76/lottie.json
White-heart.json,https://fonts.gstatic.com/s/e/notoemoji/latest/1f90d/emoji.svg,https://fonts.gstatic.com/s/e/notoemoji/latest/1f90d/lottie.json
Pink-heart.json,https://fonts.gstatic.com/s/e/notoemoji/latest/1fa77/emoji.svg,https://fonts.gstatic.com/s/e/notoemoji/latest/1fa77/lottie.json
Cupid.json,https://fonts.gstatic.com/s/e/notoemoji/latest/1f498/emoji.svg,https://fonts.gstatic.com/s/e/notoemoji/latest/1f498/lottie.json
Gift-heart.json,https://fonts.gstatic.com/s/e/notoemoji/latest/1f49d/emoji.svg,https://fonts.gstatic.com/s/e/notoemoji/latest/1f49d/lottie.json
Sparkling-heart.json,https://fonts.gstatic.com/s/e/notoemoji/latest/1f496/emoji.svg,https://fonts.gstatic.com/s/e/notoemoji/latest/1f496/lottie.json
Heart-grow.json,https://fonts.gstatic.com/s/e/notoemoji/latest/1f497/emoji.svg,https://fonts.gstatic.com/s/e/notoemoji/latest/1f497/lottie.json
Beating-heart.json,https://fonts.gstatic.com/s/e/notoemoji/latest/1f493/emoji.svg,https://fonts.gstatic.com/s/e/notoemoji/latest/1f493/lottie.json
Revolving-hearts.json,https://fonts.gstatic.com/s/e/notoemoji/latest/1f49e/emoji.svg,https://fonts.gstatic.com/s/e/notoemoji/latest/1f49e/lottie.json
Two-hearts.json,https://fonts.gstatic.com/s/e/notoemoji/latest/1f495/emoji.svg,https://fonts.gstatic.com/s/e/notoemoji/latest/1f495/lottie.json
Love-letter.json,https://fonts.gstatic.com/s/e/notoemoji/latest/1f48c/emoji.svg,https://fonts.gstatic.com/s/e/notoemoji/latest/1f48c/lottie.json
Heart-exclamation-point.json,https://fonts.gstatic.com/s/e/notoemoji/latest/2763_fe0f/emoji.svg,https://fonts.gstatic.com/s/e/notoemoji/latest/2763_fe0f/lottie.json
Bandaged-heart.json,https://fonts.gstatic.com/s/e/notoemoji/latest/2764_fe0f_200d_1fa79/emoji.svg,https://fonts.gstatic.com/s/e/notoemoji/latest/2764_fe0f_200d_1fa79/lottie.json
Broken-heart.json,https://fonts.gstatic.com/s/e/notoemoji/latest/1f494/emoji.svg,https://fonts.gstatic.com/s/e/notoemoji/latest/1f494/lottie.json
Fire-heart.json,https://fonts.gstatic.com/s/e/notoemoji/latest/2764_fe0f_200d_1f525/emoji.svg,https://fonts.gstatic.com/s/e/notoemoji/latest/2764_fe0f_200d_1f525/lottie.json
Kiss.json,https://fonts.gstatic.com/s/e/notoemoji/latest/1f48b/emoji.svg,https://fonts.gstatic.com/s/e/notoemoji/latest/1f48b/lottie.json
Footprints.json,https://fonts.gstatic.com/s/e/notoemoji/latest/1f463/emoji.svg,https://fonts.gstatic.com/s/e/notoemoji/latest/1f463/lottie.json
Anatomical-heart.json,https://fonts.gstatic.com/s/e/notoemoji/latest/1fac0/emoji.svg,https://fonts.gstatic.com/s/e/notoemoji/latest/1fac0/lottie.json
Blood.json,https://fonts.gstatic.com/s/e/notoemoji/latest/1fa78/emoji.svg,https://fonts.gstatic.com/s/e/notoemoji/latest/1fa78/lottie.json
Microbe.json,https://fonts.gstatic.com/s/e/notoemoji/latest/1f9a0/emoji.svg,https://fonts.gstatic.com/s/e/notoemoji/latest/1f9a0/lottie.json
Skull.json,https://fonts.gstatic.com/s/e/notoemoji/latest/1f480/emoji.svg,https://fonts.gstatic.com/s/e/notoemoji/latest/1f480/lottie.json
Eyes.json,https://fonts.gstatic.com/s/e/notoemoji/latest/1f440/emoji.svg,https://fonts.gstatic.com/s/e/notoemoji/latest/1f440/lottie.json
Eye.json,https://fonts.gstatic.com/s/e/notoemoji/latest/1f441_fe0f/emoji.svg,https://fonts.gstatic.com/s/e/notoemoji/latest/1f441_fe0f/lottie.json
Biting-lip.json,https://fonts.gstatic.com/s/e/notoemoji/latest/1fae6/emoji.svg,https://fonts.gstatic.com/s/e/notoemoji/latest/1fae6/lottie.json
Leg-mechanical.json,https://fonts.gstatic.com/s/e/notoemoji/latest/1f9bf/emoji.svg,https://fonts.gstatic.com/s/e/notoemoji/latest/1f9bf/lottie.json
Arm-mechanical.json,https://fonts.gstatic.com/s/e/notoemoji/latest/1f9be/emoji.svg,https://fonts.gstatic.com/s/e/notoemoji/latest/1f9be/lottie.json
Muscle.json,https://fonts.gstatic.com/s/e/notoemoji/latest/1f4aa/emoji.svg,https://fonts.gstatic.com/s/e/notoemoji/latest/1f4aa/lottie.json
Muscle-1.json,https://fonts.gstatic.com/s/e/notoemoji/latest/1f4aa_1f3fb/emoji.svg,https://fonts.gstatic.com/s/e/notoemoji/latest/1f4aa_1f3fb/lottie.json
Muscle-2.json,https://fonts.gstatic.com/s/e/notoemoji/latest/1f4aa_1f3fc/emoji.svg,https://fonts.gstatic.com/s/e/notoemoji/latest/1f4aa_1f3fc/lottie.json
Muscle-3.json,https://fonts.gstatic.com/s/e/notoemoji/latest/1f4aa_1f3fd/emoji.svg,https://fonts.gstatic.com/s/e/notoemoji/latest/1f4aa_1f3fd/lottie.json
Muscle-4.json,https://fonts.gstatic.com/s/e/notoemoji/latest/1f4aa_1f3fe/emoji.svg,https://fonts.gstatic.com/s/e/notoemoji/latest/1f4aa_1f3fe/lottie.json
Muscle-5.json,https://fonts.gstatic.com/s/e/notoemoji/latest/1f4aa_1f3ff/emoji.svg,https://fonts.gstatic.com/s/e/notoemoji/latest/1f4aa_1f3ff/lottie.json
Clap.json,https://fonts.gstatic.com/s/e/notoemoji/latest/1f44f/emoji.svg,https://fonts.gstatic.com/s/e/notoemoji/latest/1f44f/lottie.json
Clap-1.json,https://fonts.gstatic.com/s/e/notoemoji/latest/1f44f_1f3fb/emoji.svg,https://fonts.gstatic.com/s/e/notoemoji/latest/1f44f_1f3fb/lottie.json
Clap-2.json,https://fonts.gstatic.com/s/e/notoemoji/latest/1f44f_1f3fc/emoji.svg,https://fonts.gstatic.com/s/e/notoemoji/latest/1f44f_1f3fc/lottie.json
Clap-3.json,https://fonts.gstatic.com/s/e/notoemoji/latest/1f44f_1f3fd/emoji.svg,https://fonts.gstatic.com/s/e/notoemoji/latest/1f44f_1f3fd/lottie.json
Clap-4.json,https://fonts.gstatic.com/s/e/notoemoji/latest/1f44f_1f3fe/emoji.svg,https://fonts.gstatic.com/s/e/notoemoji/latest/1f44f_1f3fe/lottie.json
Clap-5.json,https://fonts.gstatic.com/s/e/notoemoji/latest/1f44f_1f3ff/emoji.svg,https://fonts.gstatic.com/s/e/notoemoji/latest/1f44f_1f3ff/lottie.json
Thumbs-up.json,https://fonts.gstatic.com/s/e/notoemoji/latest/1f44d/emoji.svg,https://fonts.gstatic.com/s/e/notoemoji/latest/1f44d/lottie.json
Thumbs-up-1.json,https://fonts.gstatic.com/s/e/notoemoji/latest/1f44d_1f3fb/emoji.svg,https://fonts.gstatic.com/s/e/notoemoji/latest/1f44d_1f3fb/lottie.json
Thumbs-up-2.json,https://fonts.gstatic.com/s/e/notoemoji/latest/1f44d_1f3fc/emoji.svg,https://fonts.gstatic.com/s/e/notoemoji/latest/1f44d_1f3fc/lottie.json
Thumbs-up-3.json,https://fonts.gstatic.com/s/e/notoemoji/latest/1f44d_1f3fd/emoji.svg,https://fonts.gstatic.com/s/e/notoemoji/latest/1f44d_1f3fd/lottie.json
Thumbs-up-4.json,https://fonts.gstatic.com/s/e/notoemoji/latest/1f44d_1f3fe/emoji.svg,https://fonts.gstatic.com/s/e/notoemoji/latest/1f44d_1f3fe/lottie.json
Thumbs-up-5.json,https://fonts.gstatic.com/s/e/notoemoji/latest/1f44d_1f3ff/emoji.svg,https://fonts.gstatic.com/s/e/notoemoji/latest/1f44d_1f3ff/lottie.json
Thumbs-down.json,https://fonts.gstatic.com/s/e/notoemoji/latest/1f44e/emoji.svg,https://fonts.gstatic.com/s/e/notoemoji/latest/1f44e/lottie.json
Thumbs-down-1.json,https://fonts.gstatic.com/s/e/notoemoji/latest/1f44e_1f3fb/emoji.svg,https://fonts.gstatic.com/s/e/notoemoji/latest/1f44e_1f3fb/lottie.json
Thumbs-down-2.json,https://fonts.gstatic.com/s/e/notoemoji/latest/1f44e_1f3fc/emoji.svg,https://fonts.gstatic.com/s/e/notoemoji/latest/1f44e_1f3fc/lottie.json
Thumbs-down-3.json,https://fonts.gstatic.com/s/e/notoemoji/latest/1f44e_1f3fd/emoji.svg,https://fonts.gstatic.com/s/e/notoemoji/latest/1f44e_1f3fd/lottie.json
Thumbs-down-4.json,https://fonts.gstatic.com/s/e/notoemoji/latest/1f44e_1f3fe/emoji.svg,https://fonts.gstatic.com/s/e/notoemoji/latest/1f44e_1f3fe/lottie.json
Thumbs-down-5.json,https://fonts.gstatic.com/s/e/notoemoji/latest/1f44e_1f3ff/emoji.svg,https://fonts.gstatic.com/s/e/notoemoji/latest/1f44e_1f3ff/lottie.json
Raising-hands.json,https://fonts.gstatic.com/s/e/notoemoji/latest/1f64c/emoji.svg,https://fonts.gstatic.com/s/e/notoemoji/latest/1f64c/lottie.json
Raising-hands-1.json,https://fonts.gstatic.com/s/e/notoemoji/latest/1f64c_1f3fb/emoji.svg,https://fonts.gstatic.com/s/e/notoemoji/latest/1f64c_1f3fb/lottie.json
Raising-hands-2.json,https://fonts.gstatic.com/s/e/notoemoji/latest/1f64c_1f3fc/emoji.svg,https://fonts.gstatic.com/s/e/notoemoji/latest/1f64c_1f3fc/lottie.json
Raising-hands-3.json,https://fonts.gstatic.com/s/e/notoemoji/latest/1f64c_1f3fd/emoji.svg,https://fonts.gstatic.com/s/e/notoemoji/latest/1f64c_1f3fd/lottie.json
Raising-hands-4.json,https://fonts.gstatic.com/s/e/notoemoji/latest/1f64c_1f3fe/emoji.svg,https://fonts.gstatic.com/s/e/notoemoji/latest/1f64c_1f3fe/lottie.json
Raising-hands-5.json,https://fonts.gstatic.com/s/e/notoemoji/latest/1f64c_1f3ff/emoji.svg,https://fonts.gstatic.com/s/e/notoemoji/latest/1f64c_1f3ff/lottie.json
Wave.json,https://fonts.gstatic.com/s/e/notoemoji/latest/1f44b/emoji.svg,https://fonts.gstatic.com/s/e/notoemoji/latest/1f44b/lottie.json
Wave-1.json,https://fonts.gstatic.com/s/e/notoemoji/latest/1f44b_1f3fb/emoji.svg,https://fonts.gstatic.com/s/e/notoemoji/latest/1f44b_1f3fb/lottie.json
Wave-2.json,https://fonts.gstatic.com/s/e/notoemoji/latest/1f44b_1f3fc/emoji.svg,https://fonts.gstatic.com/s/e/notoemoji/latest/1f44b_1f3fc/lottie.json
Wave-3.json,https://fonts.gstatic.com/s/e/notoemoji/latest/1f44b_1f3fd/emoji.svg,https://fonts.gstatic.com/s/e/notoemoji/latest/1f44b_1f3fd/lottie.json
Wave-4.json,https://fonts.gstatic.com/s/e/notoemoji/latest/1f44b_1f3fe/emoji.svg,https://fonts.gstatic.com/s/e/notoemoji/latest/1f44b_1f3fe/lottie.json
Wave-5.json,https://fonts.gstatic.com/s/e/notoemoji/latest/1f44b_1f3ff/emoji.svg,https://fonts.gstatic.com/s/e/notoemoji/latest/1f44b_1f3ff/lottie.json
Victory.json,https://fonts.gstatic.com/s/e/notoemoji/latest/270c_fe0f/emoji.svg,https://fonts.gstatic.com/s/e/notoemoji/latest/270c_fe0f/lottie.json
Victory-1.json,https://fonts.gstatic.com/s/e/notoemoji/latest/270c_1f3fb/emoji.svg,https://fonts.gstatic.com/s/e/notoemoji/latest/270c_1f3fb/lottie.json
Victory-2.json,https://fonts.gstatic.com/s/e/notoemoji/latest/270c_1f3fc/emoji.svg,https://fonts.gstatic.com/s/e/notoemoji/latest/270c_1f3fc/lottie.json
Victory-3.json,https://fonts.gstatic.com/s/e/notoemoji/latest/270c_1f3fd/emoji.svg,https://fonts.gstatic.com/s/e/notoemoji/latest/270c_1f3fd/lottie.json
Victory-4.json,https://fonts.gstatic.com/s/e/notoemoji/latest/270c_1f3fe/emoji.svg,https://fonts.gstatic.com/s/e/notoemoji/latest/270c_1f3fe/lottie.json
Victory-5.json,https://fonts.gstatic.com/s/e/notoemoji/latest/270c_1f3ff/emoji.svg,https://fonts.gstatic.com/s/e/notoemoji/latest/270c_1f3ff/lottie.json
Crossed-fingers.json,https://fonts.gstatic.com/s/e/notoemoji/latest/1f91e/emoji.svg,https://fonts.gstatic.com/s/e/notoemoji/latest/1f91e/lottie.json
Crossed-fingers-1.json,https://fonts.gstatic.com/s/e/notoemoji/latest/1f91e_1f3fb/emoji.svg,https://fonts.gstatic.com/s/e/notoemoji/latest/1f91e_1f3fb/lottie.json
Crossed-fingers-2.json,https://fonts.gstatic.com/s/e/notoemoji/latest/1f91e_1f3fc/emoji.svg,https://fonts.gstatic.com/s/e/notoemoji/latest/1f91e_1f3fc/lottie.json
Crossed-fingers-3.json,https://fonts.gstatic.com/s/e/notoemoji/latest/1f91e_1f3fd/emoji.svg,https://fonts.gstatic.com/s/e/notoemoji/latest/1f91e_1f3fd/lottie.json
Crossed-fingers-4.json,https://fonts.gstatic.com/s/e/notoemoji/latest/1f91e_1f3fe/emoji.svg,https://fonts.gstatic.com/s/e/notoemoji/latest/1f91e_1f3fe/lottie.json
Crossed-fingers-5.json,https://fonts.gstatic.com/s/e/notoemoji/latest/1f91e_1f3ff/emoji.svg,https://fonts.gstatic.com/s/e/notoemoji/latest/1f91e_1f3ff/lottie.json
Index-finger.json,https://fonts.gstatic.com/s/e/notoemoji/latest/261d_fe0f/emoji.svg,https://fonts.gstatic.com/s/e/notoemoji/latest/261d_fe0f/lottie.json
Index-finger-1.json,https://fonts.gstatic.com/s/e/notoemoji/latest/261d_1f3fb/emoji.svg,https://fonts.gstatic.com/s/e/notoemoji/latest/261d_1f3fb/lottie.json
Index-finger-2.json,https://fonts.gstatic.com/s/e/notoemoji/latest/261d_1f3fc/emoji.svg,https://fonts.gstatic.com/s/e/notoemoji/latest/261d_1f3fc/lottie.json
Index-finger-3.json,https://fonts.gstatic.com/s/e/notoemoji/latest/261d_1f3fd/emoji.svg,https://fonts.gstatic.com/s/e/notoemoji/latest/261d_1f3fd/lottie.json
Index-finger-4.json,https://fonts.gstatic.com/s/e/notoemoji/latest/261d_1f3fe/emoji.svg,https://fonts.gstatic.com/s/e/notoemoji/latest/261d_1f3fe/lottie.json
Index-finger-5.json,https://fonts.gstatic.com/s/e/notoemoji/latest/261d_1f3ff/emoji.svg,https://fonts.gstatic.com/s/e/notoemoji/latest/261d_1f3ff/lottie.json
Folded-hands.json,https://fonts.gstatic.com/s/e/notoemoji/latest/1f64f/emoji.svg,https://fonts.gstatic.com/s/e/notoemoji/latest/1f64f/lottie.json
Folded-hands-1.json,https://fonts.gstatic.com/s/e/notoemoji/latest/1f64f_1f3fb/emoji.svg,https://fonts.gstatic.com/s/e/notoemoji/latest/1f64f_1f3fb/lottie.json
Folded-hands-2.json,https://fonts.gstatic.com/s/e/notoemoji/latest/1f64f_1f3fc/emoji.svg,https://fonts.gstatic.com/s/e/notoemoji/latest/1f64f_1f3fc/lottie.json
Folded-hands-3.json,https://fonts.gstatic.com/s/e/notoemoji/latest/1f64f_1f3fd/emoji.svg,https://fonts.gstatic.com/s/e/notoemoji/latest/1f64f_1f3fd/lottie.json
Folded-hands-4.json,https://fonts.gstatic.com/s/e/notoemoji/latest/1f64f_1f3fe/emoji.svg,https://fonts.gstatic.com/s/e/notoemoji/latest/1f64f_1f3fe/lottie.json
Folded-hands-5.json,https://fonts.gstatic.com/s/e/notoemoji/latest/1f64f_1f3ff/emoji.svg,https://fonts.gstatic.com/s/e/notoemoji/latest/1f64f_1f3ff/lottie.json
Dancer-woman.json,https://fonts.gstatic.com/s/e/notoemoji/latest/1f483/emoji.svg,https://fonts.gstatic.com/s/e/notoemoji/latest/1f483/lottie.json
Dancer-woman-1.json,https://fonts.gstatic.com/s/e/notoemoji/latest/1f483_1f3fb/emoji.svg,https://fonts.gstatic.com/s/e/notoemoji/latest/1f483_1f3fb/lottie.json
Dancer-woman-2.json,https://fonts.gstatic.com/s/e/notoemoji/latest/1f483_1f3fc/emoji.svg,https://fonts.gstatic.com/s/e/notoemoji/latest/1f483_1f3fc/lottie.json
Dancer-woman-3.json,https://fonts.gstatic.com/s/e/notoemoji/latest/1f483_1f3fd/emoji.svg,https://fonts.gstatic.com/s/e/notoemoji/latest/1f483_1f3fd/lottie.json
Dancer-woman-4.json,https://fonts.gstatic.com/s/e/notoemoji/latest/1f483_1f3fe/emoji.svg,https://fonts.gstatic.com/s/e/notoemoji/latest/1f483_1f3fe/lottie.json
Dancer-woman-5.json,https://fonts.gstatic.com/s/e/notoemoji/latest/1f483_1f3ff/emoji.svg,https://fonts.gstatic.com/s/e/notoemoji/latest/1f483_1f3ff/lottie.json
Rose.json,https://fonts.gstatic.com/s/e/notoemoji/latest/1f339/emoji.svg,https://fonts.gstatic.com/s/e/notoemoji/latest/1f339/lottie.json
Wilted-flower.json,https://fonts.gstatic.com/s/e/notoemoji/latest/1f940/emoji.svg,https://fonts.gstatic.com/s/e/notoemoji/latest/1f940/lottie.json
Fallen-leaf.json,https://fonts.gstatic.com/s/e/notoemoji/latest/1f342/emoji.svg,https://fonts.gstatic.com/s/e/notoemoji/latest/1f342/lottie.json
Plant.json,https://fonts.gstatic.com/s/e/notoemoji/latest/1f331/emoji.svg,https://fonts.gstatic.com/s/e/notoemoji/latest/1f331/lottie.json
Luck.json,https://fonts.gstatic.com/s/e/notoemoji/latest/1f340/emoji.svg,https://fonts.gstatic.com/s/e/notoemoji/latest/1f340/lottie.json
Snowflake.json,https://fonts.gstatic.com/s/e/notoemoji/latest/2744_fe0f/emoji.svg,https://fonts.gstatic.com/s/e/notoemoji/latest/2744_fe0f/lottie.json
Volcano.json,https://fonts.gstatic.com/s/e/notoemoji/latest/1f30b/emoji.svg,https://fonts.gstatic.com/s/e/notoemoji/latest/1f30b/lottie.json
Sunrise.json,https://fonts.gstatic.com/s/e/notoemoji/latest/1f305/emoji.svg,https://fonts.gstatic.com/s/e/notoemoji/latest/1f305/lottie.json
Sunrise-over-mountains.json,https://fonts.gstatic.com/s/e/notoemoji/latest/1f304/emoji.svg,https://fonts.gstatic.com/s/e/notoemoji/latest/1f304/lottie.json
Rainbow.json,https://fonts.gstatic.com/s/e/notoemoji/latest/1f308/emoji.svg,https://fonts.gstatic.com/s/e/notoemoji/latest/1f308/lottie.json
Wind-face.json,https://fonts.gstatic.com/s/e/notoemoji/latest/1f32c_fe0f/emoji.svg,https://fonts.gstatic.com/s/e/notoemoji/latest/1f32c_fe0f/lottie.json
Electricity.json,https://fonts.gstatic.com/s/e/notoemoji/latest/26a1/emoji.svg,https://fonts.gstatic.com/s/e/notoemoji/latest/26a1/lottie.json
Dizzy.json,https://fonts.gstatic.com/s/e/notoemoji/latest/1f4ab/emoji.svg,https://fonts.gstatic.com/s/e/notoemoji/latest/1f4ab/lottie.json
Comet.json,https://fonts.gstatic.com/s/e/notoemoji/latest/2604_fe0f/emoji.svg,https://fonts.gstatic.com/s/e/notoemoji/latest/2604_fe0f/lottie.json
Globe-showing-europe-africa.json,https://fonts.gstatic.com/s/e/notoemoji/latest/1f30d/emoji.svg,https://fonts.gstatic.com/s/e/notoemoji/latest/1f30d/lottie.json
Unicorn.json,https://fonts.gstatic.com/s/e/notoemoji/latest/1f984/emoji.svg,https://fonts.gstatic.com/s/e/notoemoji/latest/1f984/lottie.json
Lizard.json,https://fonts.gstatic.com/s/e/notoemoji/latest/1f98e/emoji.svg,https://fonts.gstatic.com/s/e/notoemoji/latest/1f98e/lottie.json
Dragon.json,https://fonts.gstatic.com/s/e/notoemoji/latest/1f409/emoji.svg,https://fonts.gstatic.com/s/e/notoemoji/latest/1f409/lottie.json
T-rex.json,https://fonts.gstatic.com/s/e/notoemoji/latest/1f996/emoji.svg,https://fonts.gstatic.com/s/e/notoemoji/latest/1f996/lottie.json
Turtle.json,https://fonts.gstatic.com/s/e/notoemoji/latest/1f422/emoji.svg,https://fonts.gstatic.com/s/e/notoemoji/latest/1f422/lottie.json
Snake.json,https://fonts.gstatic.com/s/e/notoemoji/latest/1f40d/emoji.svg,https://fonts.gstatic.com/s/e/notoemoji/latest/1f40d/lottie.json
Frog.json,https://fonts.gstatic.com/s/e/notoemoji/latest/1f438/emoji.svg,https://fonts.gstatic.com/s/e/notoemoji/latest/1f438/lottie.json
Rabbit.json,https://fonts.gstatic.com/s/e/notoemoji/latest/1f407/emoji.svg,https://fonts.gstatic.com/s/e/notoemoji/latest/1f407/lottie.json
Rat.json,https://fonts.gstatic.com/s/e/notoemoji/latest/1f400/emoji.svg,https://fonts.gstatic.com/s/e/notoemoji/latest/1f400/lottie.json
Dog.json,https://fonts.gstatic.com/s/e/notoemoji/latest/1f415/emoji.svg,https://fonts.gstatic.com/s/e/notoemoji/latest/1f415/lottie.json
Pig.json,https://fonts.gstatic.com/s/e/notoemoji/latest/1f416/emoji.svg,https://fonts.gstatic.com/s/e/notoemoji/latest/1f416/lottie.json
Racehorse.json,https://fonts.gstatic.com/s/e/notoemoji/latest/1f40e/emoji.svg,https://fonts.gstatic.com/s/e/notoemoji/latest/1f40e/lottie.json
Donkey.json,https://fonts.gstatic.com/s/e/notoemoji/latest/1facf/emoji.svg,https://fonts.gstatic.com/s/e/notoemoji/latest/1facf/lottie.json
Ox.json,https://fonts.gstatic.com/s/e/notoemoji/latest/1f402/emoji.svg,https://fonts.gstatic.com/s/e/notoemoji/latest/1f402/lottie.json
Goat.json,https://fonts.gstatic.com/s/e/notoemoji/latest/1f410/emoji.svg,https://fonts.gstatic.com/s/e/notoemoji/latest/1f410/lottie.json
Kangaroo.json,https://fonts.gstatic.com/s/e/notoemoji/latest/1f998/emoji.svg,https://fonts.gstatic.com/s/e/notoemoji/latest/1f998/lottie.json
Tiger.json,https://fonts.gstatic.com/s/e/notoemoji/latest/1f405/emoji.svg,https://fonts.gstatic.com/s/e/notoemoji/latest/1f405/lottie.json
Monkey.json,https://fonts.gstatic.com/s/e/notoemoji/latest/1f412/emoji.svg,https://fonts.gstatic.com/s/e/notoemoji/latest/1f412/lottie.json
Chipmunk.json,https://fonts.gstatic.com/s/e/notoemoji/latest/1f43f_fe0f/emoji.svg,https://fonts.gstatic.com/s/e/notoemoji/latest/1f43f_fe0f/lottie.json
Otter.json,https://fonts.gstatic.com/s/e/notoemoji/latest/1f9a6/emoji.svg,https://fonts.gstatic.com/s/e/notoemoji/latest/1f9a6/lottie.json
Bat.json,https://fonts.gstatic.com/s/e/notoemoji/latest/1f987/emoji.svg,https://fonts.gstatic.com/s/e/notoemoji/latest/1f987/lottie.json
Rooster.json,https://fonts.gstatic.com/s/e/notoemoji/latest/1f413/emoji.svg,https://fonts.gstatic.com/s/e/notoemoji/latest/1f413/lottie.json
Hatching-chick.json,https://fonts.gstatic.com/s/e/notoemoji/latest/1f423/emoji.svg,https://fonts.gstatic.com/s/e/notoemoji/latest/1f423/lottie.json
Baby-chick.json,https://fonts.gstatic.com/s/e/notoemoji/latest/1f424/emoji.svg,https://fonts.gstatic.com/s/e/notoemoji/latest/1f424/lottie.json
Hatched-chick.json,https://fonts.gstatic.com/s/e/notoemoji/latest/1f425/emoji.svg,https://fonts.gstatic.com/s/e/notoemoji/latest/1f425/lottie.json
Eagle.json,https://fonts.gstatic.com/s/e/notoemoji/latest/1f985/emoji.svg,https://fonts.gstatic.com/s/e/notoemoji/latest/1f985/lottie.json
Peace.json,https://fonts.gstatic.com/s/e/notoemoji/latest/1f54a_fe0f/emoji.svg,https://fonts.gstatic.com/s/e/notoemoji/latest/1f54a_fe0f/lottie.json
Goose.json,https://fonts.gstatic.com/s/e/notoemoji/latest/1fabf/emoji.svg,https://fonts.gstatic.com/s/e/notoemoji/latest/1fabf/lottie.json
Peacock.json,https://fonts.gstatic.com/s/e/notoemoji/latest/1f99a/emoji.svg,https://fonts.gstatic.com/s/e/notoemoji/latest/1f99a/lottie.json
Seal.json,https://fonts.gstatic.com/s/e/notoemoji/latest/1f9ad/emoji.svg,https://fonts.gstatic.com/s/e/notoemoji/latest/1f9ad/lottie.json
Dolphin.json,https://fonts.gstatic.com/s/e/notoemoji/latest/1f42c/emoji.svg,https://fonts.gstatic.com/s/e/notoemoji/latest/1f42c/lottie.json
Whale.json,https://fonts.gstatic.com/s/e/notoemoji/latest/1f433/emoji.svg,https://fonts.gstatic.com/s/e/notoemoji/latest/1f433/lottie.json
Blowfish.json,https://fonts.gstatic.com/s/e/notoemoji/latest/1f421/emoji.svg,https://fonts.gstatic.com/s/e/notoemoji/latest/1f421/lottie.json
Crab.json,https://fonts.gstatic.com/s/e/notoemoji/latest/1f980/emoji.svg,https://fonts.gstatic.com/s/e/notoemoji/latest/1f980/lottie.json
Octopus.json,https://fonts.gstatic.com/s/e/notoemoji/latest/1f419/emoji.svg,https://fonts.gstatic.com/s/e/notoemoji/latest/1f419/lottie.json
Jellyfish.json,https://fonts.gstatic.com/s/e/notoemoji/latest/1fabc/emoji.svg,https://fonts.gstatic.com/s/e/notoemoji/latest/1fabc/lottie.json
Snail.json,https://fonts.gstatic.com/s/e/notoemoji/latest/1f40c/emoji.svg,https://fonts.gstatic.com/s/e/notoemoji/latest/1f40c/lottie.json
Ant.json,https://fonts.gstatic.com/s/e/notoemoji/latest/1f41c/emoji.svg,https://fonts.gstatic.com/s/e/notoemoji/latest/1f41c/lottie.json
Mosquito.json,https://fonts.gstatic.com/s/e/notoemoji/latest/1f99f/emoji.svg,https://fonts.gstatic.com/s/e/notoemoji/latest/1f99f/lottie.json
Bee.json,https://fonts.gstatic.com/s/e/notoemoji/latest/1f41d/emoji.svg,https://fonts.gstatic.com/s/e/notoemoji/latest/1f41d/lottie.json
Butterfly.json,https://fonts.gstatic.com/s/e/notoemoji/latest/1f98b/emoji.svg,https://fonts.gstatic.com/s/e/notoemoji/latest/1f98b/lottie.json
Paw Prints.json,https://fonts.gstatic.com/s/e/notoemoji/latest/1f43e/emoji.svg,https://fonts.gstatic.com/s/e/notoemoji/latest/1f43e/lottie.json
Tomato.json,https://fonts.gstatic.com/s/e/notoemoji/latest/1f345/emoji.svg,https://fonts.gstatic.com/s/e/notoemoji/latest/1f345/lottie.json
Popcorn.json,https://fonts.gstatic.com/s/e/notoemoji/latest/1f37f/emoji.svg,https://fonts.gstatic.com/s/e/notoemoji/latest/1f37f/lottie.json
Hot-beverage.json,https://fonts.gstatic.com/s/e/notoemoji/latest/2615/emoji.svg,https://fonts.gstatic.com/s/e/notoemoji/latest/2615/lottie.json
Clinking-beer-mugs.json,https://fonts.gstatic.com/s/e/notoemoji/latest/1f37b/emoji.svg,https://fonts.gstatic.com/s/e/notoemoji/latest/1f37b/lottie.json
Clinking-glasses.json,https://fonts.gstatic.com/s/e/notoemoji/latest/1f942/emoji.svg,https://fonts.gstatic.com/s/e/notoemoji/latest/1f942/lottie.json
Bottle-with-popping-cork.json,https://fonts.gstatic.com/s/e/notoemoji/latest/1f37e/emoji.svg,https://fonts.gstatic.com/s/e/notoemoji/latest/1f37e/lottie.json
Wine-glass.json,https://fonts.gstatic.com/s/e/notoemoji/latest/1f377/emoji.svg,https://fonts.gstatic.com/s/e/notoemoji/latest/1f377/lottie.json
Tropical-drink.json,https://fonts.gstatic.com/s/e/notoemoji/latest/1f379/emoji.svg,https://fonts.gstatic.com/s/e/notoemoji/latest/1f379/lottie.json
Police-car-light.json,https://fonts.gstatic.com/s/e/notoemoji/latest/1f6a8/emoji.svg,https://fonts.gstatic.com/s/e/notoemoji/latest/1f6a8/lottie.json
Flying-saucer.json,https://fonts.gstatic.com/s/e/notoemoji/latest/1f6f8/emoji.svg,https://fonts.gstatic.com/s/e/notoemoji/latest/1f6f8/lottie.json
Rocket.json,https://fonts.gstatic.com/s/e/notoemoji/latest/1f680/emoji.svg,https://fonts.gstatic.com/s/e/notoemoji/latest/1f680/lottie.json
Airplane-departure.json,https://fonts.gstatic.com/s/e/notoemoji/latest/1f6eb/emoji.svg,https://fonts.gstatic.com/s/e/notoemoji/latest/1f6eb/lottie.json
Airplane-arrival.json,https://fonts.gstatic.com/s/e/notoemoji/latest/1f6ec/emoji.svg,https://fonts.gstatic.com/s/e/notoemoji/latest/1f6ec/lottie.json
Roller-coaster.json,https://fonts.gstatic.com/s/e/notoemoji/latest/1f3a2/emoji.svg,https://fonts.gstatic.com/s/e/notoemoji/latest/1f3a2/lottie.json
Confetti-ball.json,https://fonts.gstatic.com/s/e/notoemoji/latest/1f38a/emoji.svg,https://fonts.gstatic.com/s/e/notoemoji/latest/1f38a/lottie.json
Balloon.json,https://fonts.gstatic.com/s/e/notoemoji/latest/1f388/emoji.svg,https://fonts.gstatic.com/s/e/notoemoji/latest/1f388/lottie.json
Birthday-cake.json,https://fonts.gstatic.com/s/e/notoemoji/latest/1f382/emoji.svg,https://fonts.gstatic.com/s/e/notoemoji/latest/1f382/lottie.json
Fireworks.json,https://fonts.gstatic.com/s/e/notoemoji/latest/1f386/emoji.svg,https://fonts.gstatic.com/s/e/notoemoji/latest/1f386/lottie.json
Mirror-ball.json,https://fonts.gstatic.com/s/e/notoemoji/latest/1faa9/emoji.svg,https://fonts.gstatic.com/s/e/notoemoji/latest/1faa9/lottie.json
Soccer-ball.json,https://fonts.gstatic.com/s/e/notoemoji/latest/26bd/emoji.svg,https://fonts.gstatic.com/s/e/notoemoji/latest/26bd/lottie.json
Direct-hit.json,https://fonts.gstatic.com/s/e/notoemoji/latest/1f3af/emoji.svg,https://fonts.gstatic.com/s/e/notoemoji/latest/1f3af/lottie.json
Violin.json,https://fonts.gstatic.com/s/e/notoemoji/latest/1f3bb/emoji.svg,https://fonts.gstatic.com/s/e/notoemoji/latest/1f3bb/lottie.json
Drum.json,https://fonts.gstatic.com/s/e/notoemoji/latest/1f941/emoji.svg,https://fonts.gstatic.com/s/e/notoemoji/latest/1f941/lottie.json
Maracas.json,https://fonts.gstatic.com/s/e/notoemoji/latest/1fa87/emoji.svg,https://fonts.gstatic.com/s/e/notoemoji/latest/1fa87/lottie.json
Battery-full.json,https://fonts.gstatic.com/s/e/notoemoji/latest/1f50b/emoji.svg,https://fonts.gstatic.com/s/e/notoemoji/latest/1f50b/lottie.json
Battery-low.json,https://fonts.gstatic.com/s/e/notoemoji/latest/1faab/emoji.svg,https://fonts.gstatic.com/s/e/notoemoji/latest/1faab/lottie.json
Money-with-wings.json,https://fonts.gstatic.com/s/e/notoemoji/latest/1f4b8/emoji.svg,https://fonts.gstatic.com/s/e/notoemoji/latest/1f4b8/lottie.json
Light-bulb.json,https://fonts.gstatic.com/s/e/notoemoji/latest/1f4a1/emoji.svg,https://fonts.gstatic.com/s/e/notoemoji/latest/1f4a1/lottie.json
Graduation-cap.json,https://fonts.gstatic.com/s/e/notoemoji/latest/1f393/emoji.svg,https://fonts.gstatic.com/s/e/notoemoji/latest/1f393/lottie.json
Umbrella.json,https://fonts.gstatic.com/s/e/notoemoji/latest/2602_fe0f/emoji.svg,https://fonts.gstatic.com/s/e/notoemoji/latest/2602_fe0f/lottie.json
Gem-stone.json,https://fonts.gstatic.com/s/e/notoemoji/latest/1f48e/emoji.svg,https://fonts.gstatic.com/s/e/notoemoji/latest/1f48e/lottie.json
Alarm-clock.json,https://fonts.gstatic.com/s/e/notoemoji/latest/23f0/emoji.svg,https://fonts.gstatic.com/s/e/notoemoji/latest/23f0/lottie.json
Bellhop-bell.json,https://fonts.gstatic.com/s/e/notoemoji/latest/1f6ce_fe0f/emoji.svg,https://fonts.gstatic.com/s/e/notoemoji/latest/1f6ce_fe0f/lottie.json
Bell.json,https://fonts.gstatic.com/s/e/notoemoji/latest/1f514/emoji.svg,https://fonts.gstatic.com/s/e/notoemoji/latest/1f514/lottie.json
Aries.json,https://fonts.gstatic.com/s/e/notoemoji/latest/2648/emoji.svg,https://fonts.gstatic.com/s/e/notoemoji/latest/2648/lottie.json
Taurus.json,https://fonts.gstatic.com/s/e/notoemoji/latest/2649/emoji.svg,https://fonts.gstatic.com/s/e/notoemoji/latest/2649/lottie.json
Gemini.json,https://fonts.gstatic.com/s/e/notoemoji/latest/264a/emoji.svg,https://fonts.gstatic.com/s/e/notoemoji/latest/264a/lottie.json
Cancer.json,https://fonts.gstatic.com/s/e/notoemoji/latest/264b/emoji.svg,https://fonts.gstatic.com/s/e/notoemoji/latest/264b/lottie.json
Leo.json,https://fonts.gstatic.com/s/e/notoemoji/latest/264c/emoji.svg,https://fonts.gstatic.com/s/e/notoemoji/latest/264c/lottie.json
Virgo.json,https://fonts.gstatic.com/s/e/notoemoji/latest/264d/emoji.svg,https://fonts.gstatic.com/s/e/notoemoji/latest/264d/lottie.json
Libra.json,https://fonts.gstatic.com/s/e/notoemoji/latest/264e/emoji.svg,https://fonts.gstatic.com/s/e/notoemoji/latest/264e/lottie.json
Scorpio.json,https://fonts.gstatic.com/s/e/notoemoji/latest/264f/emoji.svg,https://fonts.gstatic.com/s/e/notoemoji/latest/264f/lottie.json
Sagittarius.json,https://fonts.gstatic.com/s/e/notoemoji/latest/2650/emoji.svg,https://fonts.gstatic.com/s/e/notoemoji/latest/2650/lottie.json
Capricorn.json,https://fonts.gstatic.com/s/e/notoemoji/latest/2651/emoji.svg,https://fonts.gstatic.com/s/e/notoemoji/latest/2651/lottie.json
Aquarius.json,https://fonts.gstatic.com/s/e/notoemoji/latest/2652/emoji.svg,https://fonts.gstatic.com/s/e/notoemoji/latest/2652/lottie.json
Pisces.json,https://fonts.gstatic.com/s/e/notoemoji/latest/2653/emoji.svg,https://fonts.gstatic.com/s/e/notoemoji/latest/2653/lottie.json
Ophiuchus.json,https://fonts.gstatic.com/s/e/notoemoji/latest/26ce/emoji.svg,https://fonts.gstatic.com/s/e/notoemoji/latest/26ce/lottie.json
Exclamation-double.json,https://fonts.gstatic.com/s/e/notoemoji/latest/203c_fe0f/emoji.svg,https://fonts.gstatic.com/s/e/notoemoji/latest/203c_fe0f/lottie.json
Cross-mark.json,https://fonts.gstatic.com/s/e/notoemoji/latest/274c/emoji.svg,https://fonts.gstatic.com/s/e/notoemoji/latest/274c/lottie.json
Musical-notes.json,https://fonts.gstatic.com/s/e/notoemoji/latest/1f3b6/emoji.svg,https://fonts.gstatic.com/s/e/notoemoji/latest/1f3b6/lottie.json
Check-mark.json,https://fonts.gstatic.com/s/e/notoemoji/latest/2705/emoji.svg,https://fonts.gstatic.com/s/e/notoemoji/latest/2705/lottie.json
Cool.json,https://fonts.gstatic.com/s/e/notoemoji/latest/1f192/emoji.svg,https://fonts.gstatic.com/s/e/notoemoji/latest/1f192/lottie.json
Plus-sign.json,https://fonts.gstatic.com/s/e/notoemoji/latest/2795/emoji.svg,https://fonts.gstatic.com/s/e/notoemoji/latest/2795/lottie.json
Chequered-flag.json,https://fonts.gstatic.com/s/e/notoemoji/latest/1f3c1/emoji.svg,https://fonts.gstatic.com/s/e/notoemoji/latest/1f3c1/lottie.json
